stock1,stock2,stability
NVDA,ABBV,0.03870967741935484
NVDA,PH,0.06217616580310881
NVDA,SO,0.025906735751295335
NVDA,DELL,0.03636363636363636
NVDA,EMR,0.04145077720207254
NVDA,CMI,0.07772020725388601
NVDA,CRH,0.02072538860103627
NVDA,PCAR,0.08290155440414508
AAPL,MSFT,0.046632124352331605
AAPL,ABBV,0.0967741935483871
AAPL,PG,0.03626943005181347
AAPL,KO,0.046632124352331605
AAPL,MS,0.046632124352331605
AAPL,LIN,0.04145077720207254
AAPL,DE,0.015544041450777202
AAPL,BLK,0.07772020725388601
AAPL,QCOM,0.04145077720207254
AAPL,PLD,0.046632124352331605
AAPL,VRTX,0.025906735751295335
AAPL,SO,0.046632124352331605
AAPL,DUK,0.03626943005181347
AAPL,SNPS,0.08290155440414508
AAPL,CDNS,0.025906735751295335
AAPL,FTNT,0.031088082901554404
MSFT,PG,0.025906735751295335
MSFT,KO,0.03626943005181347
MSFT,MCD,0.031088082901554404
MSFT,ISRG,0.07772020725388601
MSFT,UNP,0.07772020725388601
MSFT,SYK,0.05181347150259067
MSFT,PLD,0.08808290155440414
MSFT,PGR,0.05699481865284974
MSFT,INTU,0.03626943005181347
MSFT,NOW,0.07407407407407407
MSFT,SO,0.010362694300518135
MSFT,DUK,0.025906735751295335
MSFT,WM,0.09326424870466321
MSFT,ICE,0.031088082901554404
MSFT,MRSH,0.046632124352331605
MSFT,SNPS,0.046632124352331605
MSFT,CDNS,0.05181347150259067
MSFT,CTAS,0.09844559585492228
MSFT,RSG,0.08290155440414508
MSFT,AON,0.031088082901554404
MSFT,APD,0.05699481865284974
MSFT,NSC,0.11917098445595854
AMZN,PLTR,0.13793103448275862
AMZN,BAC,0.10880829015544041
AMZN,CSCO,0.10880829015544041
AMZN,NEE,0.046632124352331605
AMZN,CRM,0.04145077720207254
AMZN,TXN,0.05699481865284974
AMZN,APP,0.09803921568627451
AMZN,HON,0.06735751295336788
AMZN,SYK,0.06217616580310881
AMZN,SPGI,0.11917098445595854
AMZN,CME,0.05699481865284974
AMZN,EQIX,0.12435233160621761
AMZN,ICE,0.06735751295336788
AMZN,PNC,0.07772020725388601
AMZN,ITW,0.05181347150259067
AMZN,CSX,0.03626943005181347
AMZN,AEP,0.05181347150259067
AMZN,ROST,0.03626943005181347
AMZN,LHX,0.05181347150259067
AMZN,APD,0.07772020725388601
AMZN,NSC,0.05699481865284974
AMZN,DLR,0.09326424870466321
AMZN,O,0.06735751295336788
GOOGL,GOOG,0.3626943005181347
GOOGL,AVGO,0.03626943005181347
GOOGL,BRK-B,0.04145077720207254
GOOGL,JPM,0.07772020725388601
GOOGL,KO,0.02072538860103627
GOOGL,CSCO,0.02072538860103627
GOOGL,AMAT,0.11398963730569948
GOOGL,LRCX,0.09326424870466321
GOOGL,MS,0.07772020725388601
GOOGL,KLAC,0.08808290155440414
GOOGL,TJX,0.03626943005181347
GOOGL,APH,0.046632124352331605
GOOGL,ADI,0.04145077720207254
GOOGL,BLK,0.08290155440414508
GOOGL,CB,0.04145077720207254
GOOGL,HCA,0.05056179775280899
GOOGL,SO,0.046632124352331605
GOOGL,COF,0.046632124352331605
GOOGL,DUK,0.04145077720207254
GOOGL,DELL,0.045454545454545456
GOOGL,TT,0.04145077720207254
GOOGL,MAR,0.04145077720207254
GOOGL,PNC,0.04145077720207254
GOOGL,EMR,0.07772020725388601
GOOGL,CMI,0.08808290155440414
GOOGL,AEP,0.031088082901554404
GOOGL,CRH,0.07772020725388601
GOOGL,GM,0.04395604395604396
GOOGL,TRV,0.07253886010362694
GOOG,AVGO,0.046632124352331605
GOOG,BRK-B,0.046632124352331605
GOOG,JPM,0.05181347150259067
GOOG,COST,0.02072538860103627
GOOG,KO,0.03626943005181347
GOOG,CSCO,0.025906735751295335
GOOG,AMAT,0.11917098445595854
GOOG,LRCX,0.09844559585492228
GOOG,MS,0.07772020725388601
GOOG,KLAC,0.09844559585492228
GOOG,TJX,0.05699481865284974
GOOG,APH,0.046632124352331605
GOOG,ADI,0.046632124352331605
GOOG,BLK,0.08808290155440414
GOOG,CB,0.046632124352331605
GOOG,HCA,0.0449438202247191
GOOG,PH,0.10880829015544041
GOOG,SO,0.04145077720207254
GOOG,COF,0.046632124352331605
GOOG,DUK,0.031088082901554404
GOOG,DELL,0.05454545454545454
GOOG,TT,0.04145077720207254
GOOG,MAR,0.05699481865284974
GOOG,PNC,0.05181347150259067
GOOG,EMR,0.07253886010362694
GOOG,CMI,0.09844559585492228
GOOG,AEP,0.025906735751295335
GOOG,HLT,0.04895104895104895
GOOG,CRH,0.08808290155440414
GOOG,GM,0.038461538461538464
GOOG,TRV,0.08290155440414508
META,NFLX,0.08588957055214724
META,AMGN,0.0736196319018405
META,UBER,0.04
META,BKNG,0.04294478527607362
META,CEG,0.047619047619047616
META,ECL,0.06748466257668712
META,CL,0.05521472392638037
AVGO,BRK-B,0.08290155440414508
AVGO,JPM,0.10880829015544041
AVGO,KO,0.05699481865284974
AVGO,RTX,0.09326424870466321
AVGO,MS,0.08808290155440414
AVGO,APH,0.08290155440414508
AVGO,CB,0.13989637305699482
AVGO,SO,0.046632124352331605
AVGO,COF,0.05181347150259067
AVGO,DUK,0.10362694300518134
AVGO,DELL,0.05454545454545454
AVGO,HWM,0.056074766355140186
AVGO,MAR,0.046632124352331605
AVGO,AEP,0.09844559585492228
AVGO,HLT,0.11888111888111888
AVGO,CRH,0.10362694300518134
AVGO,GM,0.06043956043956044
AVGO,TRV,0.06735751295336788
TSLA,BLK,0.058823529411764705
TSLA,DUK,0.0748663101604278
TSLA,BX,0.0374331550802139
BRK-B,JPM,0.05181347150259067
BRK-B,ORCL,0.09844559585492228
BRK-B,COST,0.05181347150259067
BRK-B,ABBV,0.05161290322580645
BRK-B,BAC,0.06735751295336788
BRK-B,KO,0.04145077720207254
BRK-B,CSCO,0.05699481865284974
BRK-B,AMAT,0.09844559585492228
BRK-B,MS,0.09844559585492228
BRK-B,ANET,0.08029197080291971
BRK-B,SCHW,0.05181347150259067
BRK-B,ADI,0.046632124352331605
BRK-B,BLK,0.05699481865284974
BRK-B,PANW,0.024844720496894408
BRK-B,CB,0.05181347150259067
BRK-B,VRTX,0.04145077720207254
BRK-B,HCA,0.0898876404494382
BRK-B,COF,0.06735751295336788
BRK-B,DUK,0.05181347150259067
BRK-B,DELL,0.11818181818181818
BRK-B,WM,0.08808290155440414
BRK-B,TT,0.08290155440414508
BRK-B,MAR,0.07772020725388601
BRK-B,EMR,0.07772020725388601
BRK-B,RSG,0.07253886010362694
BRK-B,HLT,0.08391608391608392
BRK-B,CRH,0.046632124352331605
BRK-B,TRV,0.04145077720207254
BRK-B,APO,0.11797752808988764
WMT,ORCL,0.05699481865284974
WMT,CAT,0.031088082901554404
WMT,RTX,0.025906735751295335
WMT,GS,0.05699481865284974
WMT,AXP,0.031088082901554404
WMT,KLAC,0.025906735751295335
WMT,APH,0.03626943005181347
WMT,WELL,0.03626943005181347
WMT,ETN,0.025906735751295335
WMT,PH,0.031088082901554404
WMT,SO,0.06735751295336788
WMT,COF,0.025906735751295335
WMT,EMR,0.03626943005181347
WMT,CMI,0.025906735751295335
WMT,HLT,0.055944055944055944
WMT,CRH,0.025906735751295335
WMT,PCAR,0.05699481865284974
LLY,ORCL,0.015544041450777202
LLY,KO,0.05181347150259067
LLY,AXP,0.025906735751295335
LLY,ETN,0.015544041450777202
LLY,PANW,0.12422360248447205
LLY,PH,0.015544041450777202
LLY,SO,0.046632124352331605
LLY,KKR,0.016129032258064516
LLY,EMR,0.025906735751295335
LLY,CMI,0.02072538860103627
LLY,CRH,0.04145077720207254
LLY,PCAR,0.031088082901554404
LLY,AZO,0.05181347150259067
JPM,KO,0.015544041450777202
JPM,CSCO,0.031088082901554404
JPM,AMAT,0.11917098445595854
JPM,TJX,0.05699481865284974
JPM,ANET,0.18248175182481752
JPM,APH,0.07253886010362694
JPM,ADI,0.031088082901554404
JPM,CB,0.025906735751295335
JPM,HCA,0.06741573033707865
JPM,SO,0.031088082901554404
JPM,COF,0.08290155440414508
JPM,CEG,0.047619047619047616
JPM,DUK,0.031088082901554404
JPM,DELL,0.02727272727272727
JPM,HWM,0.037383177570093455
JPM,TT,0.08290155440414508
JPM,ICE,0.046632124352331605
JPM,MAR,0.08290155440414508
JPM,EMR,0.031088082901554404
JPM,CMI,0.0051813471502590676
JPM,AEP,0.04145077720207254
JPM,HLT,0.04195804195804196
JPM,CRH,0.07253886010362694
JPM,GM,0.04945054945054945
JPM,TRV,0.07772020725388601
V,MA,0.11398963730569948
V,HD,0.10880829015544041
V,AMGN,0.06217616580310881
V,NEE,0.09844559585492228
V,CRM,0.10362694300518134
V,UBER,0.16
V,HON,0.09844559585492228
V,LMT,0.11917098445595854
V,BLK,0.10362694300518134
V,UNP,0.10362694300518134
V,LOW,0.07772020725388601
V,SYK,0.10880829015544041
V,SPGI,0.07772020725388601
V,VRTX,0.07772020725388601
V,HCA,0.12921348314606743
V,CME,0.11398963730569948
V,CEG,0.07142857142857142
V,DUK,0.07253886010362694
V,EQIX,0.13471502590673576
V,ICE,0.15025906735751296
V,SHW,0.08808290155440414
V,ECL,0.07253886010362694
V,ITW,0.10362694300518134
V,MCO,0.16580310880829016
V,MNST,0.09844559585492228
V,AEP,0.09326424870466321
V,CL,0.07772020725388601
V,MDLZ,0.08808290155440414
V,TDG,0.14507772020725387
V,ROST,0.10362694300518134
V,APD,0.09326424870466321
V,SRE,0.11917098445595854
V,O,0.09326424870466321
JNJ,BAC,0.05699481865284974
JNJ,CSCO,0.015544041450777202
JNJ,AMGN,0.046632124352331605
JNJ,TXN,0.015544041450777202
JNJ,SCHW,0.031088082901554404
JNJ,HON,0.04145077720207254
JNJ,ADI,0.031088082901554404
JNJ,BLK,0.025906735751295335
JNJ,UNP,0.07772020725388601
JNJ,HCA,0.05056179775280899
JNJ,CME,0.06217616580310881
JNJ,DUK,0.10880829015544041
JNJ,EQIX,0.09844559585492228
JNJ,MAR,0.025906735751295335
JNJ,FDX,0.03626943005181347
JNJ,PNC,0.07772020725388601
JNJ,ITW,0.031088082901554404
JNJ,AEP,0.09844559585492228
JNJ,ROST,0.025906735751295335
JNJ,LHX,0.04145077720207254
JNJ,GM,0.038461538461538464
JNJ,SRE,0.05699481865284974
JNJ,O,0.031088082901554404
MU,RTX,0.05181347150259067
MU,C,0.010362694300518135
MU,CMI,0.046632124352331605
MU,GM,0.016483516483516484
ORCL,COST,0.05181347150259067
ORCL,ABBV,0.05161290322580645
ORCL,KO,0.08808290155440414
ORCL,RTX,0.16580310880829016
ORCL,MS,0.04145077720207254
ORCL,GS,0.046632124352331605
ORCL,LIN,0.13989637305699482
ORCL,AXP,0.046632124352331605
ORCL,KLAC,0.05181347150259067
ORCL,ANET,0.0364963503649635
ORCL,WELL,0.08290155440414508
ORCL,ETN,0.06217616580310881
ORCL,PH,0.05181347150259067
ORCL,SO,0.05181347150259067
ORCL,COF,0.04145077720207254
ORCL,DELL,0.06363636363636363
ORCL,TT,0.08808290155440414
ORCL,PWR,0.20207253886010362
ORCL,KKR,0.10752688172043011
ORCL,EMR,0.07772020725388601
ORCL,CMI,0.11917098445595854
ORCL,COR,0.05181347150259067
ORCL,HLT,0.09090909090909091
ORCL,CRH,0.046632124352331605
ORCL,PCAR,0.05181347150259067
ORCL,AZO,0.17098445595854922
COST,ABBV,0.03225806451612903
COST,KO,0.010362694300518135
COST,MS,0.015544041450777202
COST,LIN,0.046632124352331605
COST,AXP,0.06735751295336788
COST,KLAC,0.04145077720207254
COST,TJX,0.04145077720207254
COST,ADI,0.04145077720207254
COST,BLK,0.06217616580310881
COST,PANW,0.08695652173913043
COST,CB,0.07253886010362694
COST,PGR,0.04145077720207254
COST,VRTX,0.010362694300518135
COST,SO,0.04145077720207254
COST,COF,0.02072538860103627
COST,DUK,0.015544041450777202
COST,TT,0.05181347150259067
COST,BX,0.046632124352331605
COST,MSI,0.025906735751295335
COST,CDNS,0.015544041450777202
COST,KKR,0.053763440860215055
COST,EMR,0.015544041450777202
COST,RSG,0.06735751295336788
COST,TDG,0.031088082901554404
COST,HLT,0.04895104895104895
COST,CRH,0.031088082901554404
COST,PCAR,0.07772020725388601
COST,APO,0.016853932584269662
COST,AZO,0.03626943005181347
MA,HD,0.09844559585492228
MA,AMGN,0.06735751295336788
MA,NEE,0.09326424870466321
MA,ABT,0.10880829015544041
MA,CRM,0.09844559585492228
MA,UBER,0.24
MA,HON,0.13989637305699482
MA,BLK,0.06217616580310881
MA,UNP,0.15544041450777202
MA,SYK,0.15025906735751296
MA,SPGI,0.12435233160621761
MA,VRTX,0.08290155440414508
MA,NOW,0.13580246913580246
MA,CRWD,0.17567567567567569
MA,CME,0.11917098445595854
MA,CEG,0.09523809523809523
MA,DUK,0.09844559585492228
MA,EQIX,0.17098445595854922
MA,ICE,0.09844559585492228
MA,SHW,0.09844559585492228
MA,ECL,0.11398963730569948
MA,ITW,0.14507772020725387
MA,MCO,0.11917098445595854
MA,AEP,0.09844559585492228
MA,MDLZ,0.11917098445595854
MA,TDG,0.08290155440414508
MA,AON,0.17616580310880828
MA,ROST,0.10880829015544041
MA,APD,0.12953367875647667
MA,NSC,0.18134715025906736
MA,SRE,0.11917098445595854
MA,O,0.08290155440414508
NFLX,BAC,0.10880829015544041
NFLX,CSCO,0.046632124352331605
NFLX,MS,0.09326424870466321
NFLX,TMUS,0.12435233160621761
NFLX,SCHW,0.09326424870466321
NFLX,UBER,0.13333333333333333
NFLX,BLK,0.09326424870466321
NFLX,SYK,0.07772020725388601
NFLX,VRTX,0.07253886010362694
NFLX,CME,0.031088082901554404
NFLX,CEG,0.0
NFLX,BSX,0.10362694300518134
NFLX,ICE,0.09844559585492228
NFLX,PNC,0.09844559585492228
NFLX,LHX,0.08290155440414508
NFLX,APD,0.05699481865284974
ABBV,KO,0.04516129032258064
ABBV,CAT,0.06451612903225806
ABBV,AMAT,0.03870967741935484
ABBV,LRCX,0.06451612903225806
ABBV,MS,0.11612903225806452
ABBV,LIN,0.07096774193548387
ABBV,AMGN,0.01935483870967742
ABBV,KLAC,0.03870967741935484
ABBV,TJX,0.06451612903225806
ABBV,ANET,0.043795620437956206
ABBV,SCHW,0.0064516129032258064
ABBV,DE,0.05161290322580645
ABBV,ADI,0.05161290322580645
ABBV,BLK,0.1032258064516129
ABBV,PANW,0.01935483870967742
ABBV,LOW,0.025806451612903226
ABBV,CB,0.11612903225806452
ABBV,PGR,0.03870967741935484
ABBV,VRTX,0.025806451612903226
ABBV,HCA,0.04516129032258064
ABBV,NEM,0.11612903225806452
ABBV,PH,0.05161290322580645
ABBV,SO,0.07741935483870968
ABBV,COF,0.05161290322580645
ABBV,CEG,0.0
ABBV,DUK,0.07096774193548387
ABBV,TT,0.05806451612903226
ABBV,MAR,0.05161290322580645
ABBV,SNPS,0.05806451612903226
ABBV,MSI,0.07741935483870968
ABBV,CDNS,0.06451612903225806
ABBV,EMR,0.03225806451612903
ABBV,CL,0.05161290322580645
ABBV,CI,0.012903225806451613
ABBV,RSG,0.09032258064516129
ABBV,TDG,0.07096774193548387
ABBV,HLT,0.006993006993006993
ABBV,TRV,0.06451612903225806
ABBV,SRE,0.09032258064516129
ABBV,FTNT,0.06451612903225806
ABBV,PCAR,0.0064516129032258064
ABBV,APO,0.03225806451612903
CVX,ANET,0.0364963503649635
CVX,PWR,0.06735751295336788
PLTR,UPS,0.06896551724137931
PG,MRK,0.09844559585492228
PG,TMUS,0.07772020725388601
PG,MCD,0.06217616580310881
PG,CRM,0.04145077720207254
PG,BLK,0.07772020725388601
PG,UNP,0.06217616580310881
PG,QCOM,0.07772020725388601
PG,LOW,0.031088082901554404
PG,PLD,0.07772020725388601
PG,INTU,0.06217616580310881
PG,VRTX,0.046632124352331605
PG,NOW,0.037037037037037035
PG,CRWD,0.10810810810810811
PG,CEG,0.16666666666666666
PG,ICE,0.09844559585492228
PG,MRSH,0.12435233160621761
PG,BX,0.10362694300518134
PG,SNPS,0.09844559585492228
PG,MSI,0.05699481865284974
PG,CDNS,0.06735751295336788
PG,CTAS,0.13471502590673576
PG,TDG,0.10362694300518134
PG,AON,0.07772020725388601
PG,APD,0.06735751295336788
PG,NSC,0.05181347150259067
PG,FTNT,0.046632124352331605
PG,APO,0.06741573033707865
HD,BAC,0.010362694300518135
HD,PEP,0.03626943005181347
HD,AMGN,0.0051813471502590676
HD,NEE,0.02072538860103627
HD,ABT,0.05699481865284974
HD,CRM,0.031088082901554404
HD,SCHW,0.046632124352331605
HD,HON,0.10880829015544041
HD,LMT,0.07253886010362694
HD,BLK,0.10880829015544041
HD,UNP,0.07772020725388601
HD,SYK,0.031088082901554404
HD,SPGI,0.02072538860103627
HD,VRTX,0.031088082901554404
HD,NOW,0.08641975308641975
HD,SBUX,0.010362694300518135
HD,CRWD,0.05405405405405406
HD,CME,0.05181347150259067
HD,CEG,0.0
HD,BSX,0.025906735751295335
HD,EQIX,0.06217616580310881
HD,ICE,0.09326424870466321
HD,ADP,0.05181347150259067
HD,SHW,0.08290155440414508
HD,ITW,0.05699481865284974
HD,MCO,0.010362694300518135
HD,CL,0.0
HD,CI,0.025906735751295335
HD,MDLZ,0.05181347150259067
HD,DASH,0.0
HD,AON,0.06735751295336788
HD,APD,0.06217616580310881
HD,SRE,0.05181347150259067
HD,O,0.05181347150259067
BAC,CSCO,0.02072538860103627
BAC,TMUS,0.05699481865284974
BAC,TXN,0.07253886010362694
BAC,SCHW,0.05181347150259067
BAC,SYK,0.025906735751295335
BAC,HCA,0.05056179775280899
BAC,CME,0.04145077720207254
BAC,DUK,0.015544041450777202
BAC,DELL,0.12727272727272726
BAC,WM,0.025906735751295335
BAC,HWM,0.009345794392523364
BAC,ICE,0.025906735751295335
BAC,MAR,0.07253886010362694
BAC,PNC,0.11917098445595854
BAC,AEP,0.015544041450777202
BAC,LHX,0.03626943005181347
BAC,GM,0.15384615384615385
BAC,O,0.015544041450777202
KO,CSCO,0.031088082901554404
KO,MRK,0.07772020725388601
KO,AMAT,0.08290155440414508
KO,LRCX,0.09844559585492228
KO,MS,0.07772020725388601
KO,GS,0.05181347150259067
KO,AXP,0.04145077720207254
KO,KLAC,0.06217616580310881
KO,TJX,0.07253886010362694
KO,ANET,0.043795620437956206
KO,APH,0.05181347150259067
KO,ADI,0.05181347150259067
KO,BLK,0.07772020725388601
KO,PANW,0.037267080745341616
KO,CB,0.13471502590673576
KO,PGR,0.08290155440414508
KO,VRTX,0.12953367875647667
KO,HCA,0.07865168539325842
KO,SO,0.07772020725388601
KO,COF,0.031088082901554404
KO,DUK,0.12435233160621761
KO,DELL,0.045454545454545456
KO,WM,0.06735751295336788
KO,TT,0.06217616580310881
KO,ICE,0.12953367875647667
KO,MAR,0.07772020725388601
KO,BX,0.05181347150259067
KO,SNPS,0.07253886010362694
KO,MSI,0.08290155440414508
KO,CDNS,0.04145077720207254
KO,KKR,0.053763440860215055
KO,CTAS,0.07253886010362694
KO,ORLY,0.05699481865284974
KO,EMR,0.03626943005181347
KO,CMI,0.06735751295336788
KO,AEP,0.15544041450777202
KO,VLO,0.05181347150259067
KO,RSG,0.09326424870466321
KO,TDG,0.06735751295336788
KO,HLT,0.07692307692307693
KO,CRH,0.05699481865284974
KO,GM,0.06043956043956044
KO,TRV,0.09326424870466321
KO,SRE,0.07772020725388601
KO,FTNT,0.05699481865284974
KO,APO,0.08426966292134831
KO,AZO,0.11398963730569948
CAT,ANET,0.058394160583941604
CAT,DELL,0.045454545454545456
CAT,CMI,0.03626943005181347
CAT,HLT,0.11188811188811189
CSCO,TXN,0.08290155440414508
CSCO,TJX,0.05181347150259067
CSCO,ADI,0.13471502590673576
CSCO,CME,0.08808290155440414
CSCO,DUK,0.03626943005181347
CSCO,WM,0.031088082901554404
CSCO,ICE,0.06735751295336788
CSCO,MAR,0.046632124352331605
CSCO,PNC,0.025906735751295335
CSCO,AEP,0.015544041450777202
CSCO,HLT,0.06293706293706294
CSCO,ROST,0.04145077720207254
CSCO,LHX,0.046632124352331605
CSCO,GM,0.027472527472527472
CSCO,NSC,0.05181347150259067
CSCO,DLR,0.06217616580310881
CSCO,O,0.04145077720207254
MRK,PEP,0.09326424870466321
MRK,TJX,0.08808290155440414
MRK,ADI,0.06735751295336788
MRK,UNP,0.18134715025906736
MRK,LOW,0.07772020725388601
MRK,VRTX,0.03626943005181347
MRK,HCA,0.06741573033707865
MRK,DUK,0.09326424870466321
MRK,MAR,0.09326424870466321
MRK,MRSH,0.12435233160621761
MRK,ITW,0.12953367875647667
MRK,ORLY,0.13471502590673576
MRK,MDLZ,0.046632124352331605
MRK,VLO,0.06735751295336788
MRK,TDG,0.10880829015544041
MRK,AON,0.09326424870466321
MRK,ROST,0.07772020725388601
MRK,SRE,0.08290155440414508
MRK,O,0.06217616580310881
MRK,APO,0.14606741573033707
RTX,PM,0.04145077720207254
RTX,MS,0.05181347150259067
RTX,GS,0.09326424870466321
RTX,AXP,0.07253886010362694
RTX,ANET,0.043795620437956206
RTX,APH,0.07253886010362694
RTX,WELL,0.05699481865284974
RTX,COF,0.03626943005181347
RTX,DUK,0.03626943005181347
RTX,STX,0.08808290155440414
RTX,BK,0.06735751295336788
RTX,JCI,0.08290155440414508
RTX,CMI,0.07253886010362694
RTX,CRH,0.16580310880829016
RTX,GM,0.04395604395604396
RTX,TRV,0.05699481865284974
PM,MS,0.06735751295336788
PM,GS,0.046632124352331605
PM,APH,0.025906735751295335
PM,WELL,0.10362694300518134
PM,COF,0.08808290155440414
PM,HWM,0.08411214953271028
PM,JCI,0.06735751295336788
PM,CRH,0.07772020725388601
PM,GM,0.09340659340659341
AMAT,MS,0.05699481865284974
AMAT,ADI,0.031088082901554404
AMAT,CB,0.046632124352331605
AMAT,SO,0.05699481865284974
AMAT,DUK,0.03626943005181347
AMAT,EMR,0.025906735751295335
AMAT,CMI,0.05181347150259067
AMAT,GM,0.04395604395604396
AMAT,PCAR,0.09326424870466321
LRCX,MS,0.10880829015544041
LRCX,ADI,0.046632124352331605
LRCX,SO,0.04145077720207254
LRCX,EMR,0.06735751295336788
LRCX,CMI,0.046632124352331605
UNH,PEP,0.11917098445595854
UNH,CRM,0.09326424870466321
UNH,TMO,0.07253886010362694
UNH,DHR,0.08290155440414508
UNH,ACN,0.11917098445595854
UNH,ADBE,0.05699481865284974
UNH,MDLZ,0.06217616580310881
UNH,APD,0.13471502590673576
UNH,ELV,0.08290155440414508
UNH,O,0.12435233160621761
MS,KLAC,0.11398963730569948
MS,APH,0.07253886010362694
MS,ADI,0.10362694300518134
MS,ETN,0.09844559585492228
MS,CB,0.025906735751295335
MS,HCA,0.056179775280898875
MS,PH,0.10362694300518134
MS,SO,0.025906735751295335
MS,COF,0.07772020725388601
MS,DUK,0.04145077720207254
MS,TT,0.03626943005181347
MS,JCI,0.08808290155440414
MS,EMR,0.046632124352331605
MS,CMI,0.010362694300518135
MS,COR,0.06735751295336788
MS,HLT,0.006993006993006993
MS,GM,0.12087912087912088
MS,TRV,0.03626943005181347
MS,PCAR,0.025906735751295335
TMUS,TXN,0.10880829015544041
TMUS,SCHW,0.05181347150259067
TMUS,HON,0.13471502590673576
TMUS,ADI,0.10362694300518134
TMUS,BLK,0.09844559585492228
TMUS,PANW,0.09937888198757763
TMUS,SYK,0.08290155440414508
TMUS,VRTX,0.08808290155440414
TMUS,HCA,0.12359550561797752
TMUS,NOW,0.15432098765432098
TMUS,CME,0.09844559585492228
TMUS,DUK,0.05181347150259067
TMUS,BSX,0.12953367875647667
TMUS,WM,0.12953367875647667
TMUS,ICE,0.07253886010362694
TMUS,MRSH,0.07772020725388601
TMUS,BX,0.10880829015544041
TMUS,PNC,0.07772020725388601
TMUS,CTAS,0.12953367875647667
TMUS,ITW,0.09844559585492228
TMUS,RSG,0.11398963730569948
TMUS,AON,0.10362694300518134
TMUS,LHX,0.13471502590673576
TMUS,APD,0.12953367875647667
TMUS,NSC,0.10362694300518134
IBM,CEG,0.0
IBM,HWM,0.14953271028037382
IBM,WMB,0.10362694300518134
GS,APH,0.05699481865284974
GS,WELL,0.05699481865284974
GS,ETN,0.08290155440414508
GS,PH,0.03626943005181347
GS,HWM,0.07476635514018691
GS,JCI,0.04145077720207254
GS,EMR,0.046632124352331605
GS,CMI,0.031088082901554404
GS,CRH,0.05181347150259067
GS,GM,0.11538461538461539
MCD,TXN,0.03626943005181347
MCD,ISRG,0.07772020725388601
MCD,ADI,0.05699481865284974
MCD,BLK,0.031088082901554404
MCD,SYK,0.05699481865284974
MCD,PLD,0.07253886010362694
MCD,PGR,0.09844559585492228
MCD,INTU,0.07253886010362694
MCD,VRTX,0.09844559585492228
MCD,CME,0.08290155440414508
MCD,WM,0.05699481865284974
MCD,ICE,0.08290155440414508
MCD,SNPS,0.06217616580310881
MCD,MSI,0.06217616580310881
MCD,CDNS,0.03626943005181347
MCD,CTAS,0.09326424870466321
MCD,ITW,0.04145077720207254
MCD,CSX,0.04145077720207254
MCD,RSG,0.10880829015544041
MCD,AON,0.07253886010362694
MCD,APD,0.05181347150259067
MCD,NSC,0.05699481865284974
MCD,DLR,0.03626943005181347
MCD,FTNT,0.05699481865284974
WFC,CEG,0.07142857142857142
WFC,EOG,0.031088082901554404
WFC,HOOD,0.14583333333333334
WFC,SPG,0.06735751295336788
LIN,KLAC,0.09326424870466321
LIN,DE,0.05181347150259067
LIN,QCOM,0.18652849740932642
LIN,SO,0.12435233160621761
LIN,SNPS,0.13989637305699482
LIN,MSI,0.16580310880829016
LIN,CDNS,0.17616580310880828
LIN,KKR,0.12365591397849462
LIN,EMR,0.06217616580310881
LIN,FTNT,0.12435233160621761
PEP,NEE,0.11398963730569948
PEP,CRM,0.08808290155440414
PEP,TMO,0.13471502590673576
PEP,TXN,0.10880829015544041
PEP,SCHW,0.04145077720207254
PEP,HON,0.07772020725388601
PEP,BLK,0.05699481865284974
PEP,UNP,0.10880829015544041
PEP,LOW,0.06217616580310881
PEP,DHR,0.10880829015544041
PEP,SYK,0.06735751295336788
PEP,SPGI,0.05699481865284974
PEP,PLD,0.09326424870466321
PEP,VRTX,0.07772020725388601
PEP,HCA,0.06741573033707865
PEP,EQIX,0.046632124352331605
PEP,ICE,0.07772020725388601
PEP,ADP,0.09844559585492228
PEP,MRSH,0.07253886010362694
PEP,SHW,0.10362694300518134
PEP,ITW,0.11398963730569948
PEP,MCO,0.07772020725388601
PEP,CI,0.06735751295336788
PEP,MDLZ,0.05699481865284974
PEP,AON,0.06735751295336788
PEP,APD,0.06735751295336788
PEP,ELV,0.13989637305699482
PEP,SRE,0.15025906735751296
PEP,O,0.10362694300518134
VZ,MDT,0.05181347150259067
VZ,USB,0.03626943005181347
VZ,ECL,0.05181347150259067
VZ,GM,0.03296703296703297
VZ,O,0.10362694300518134
AXP,KLAC,0.046632124352331605
AXP,ANET,0.0364963503649635
AXP,APH,0.05699481865284974
AXP,WELL,0.08290155440414508
AXP,ETN,0.08290155440414508
AXP,SO,0.02072538860103627
AXP,COF,0.06735751295336788
AXP,DUK,0.03626943005181347
AXP,DELL,0.10909090909090909
AXP,TT,0.16580310880829016
AXP,MSI,0.06735751295336788
AXP,KKR,0.08064516129032258
AXP,EMR,0.046632124352331605
AXP,CMI,0.09844559585492228
AXP,COR,0.06217616580310881
AXP,HLT,0.07692307692307693
AXP,CRH,0.08290155440414508
AXP,GM,0.04395604395604396
AXP,APO,0.02247191011235955
AMGN,TJX,0.03626943005181347
AMGN,ANET,0.08759124087591241
AMGN,SCHW,0.06735751295336788
AMGN,HON,0.03626943005181347
AMGN,LMT,0.05699481865284974
AMGN,BLK,0.05181347150259067
AMGN,UNP,0.04145077720207254
AMGN,PANW,0.062111801242236024
AMGN,BKNG,0.025906735751295335
AMGN,LOW,0.06217616580310881
AMGN,CB,0.02072538860103627
AMGN,VRTX,0.08290155440414508
AMGN,HCA,0.033707865168539325
AMGN,SBUX,0.015544041450777202
AMGN,CME,0.06217616580310881
AMGN,NOC,0.06217616580310881
AMGN,DUK,0.025906735751295335
AMGN,BSX,0.05699481865284974
AMGN,DELL,0.045454545454545456
AMGN,EQIX,0.02072538860103627
AMGN,ICE,0.015544041450777202
AMGN,MAR,0.025906735751295335
AMGN,SHW,0.03626943005181347
AMGN,ECL,0.05699481865284974
AMGN,ITW,0.031088082901554404
AMGN,ORLY,0.09326424870466321
AMGN,MCO,0.08808290155440414
AMGN,MNST,0.08808290155440414
AMGN,AEP,0.07253886010362694
AMGN,CL,0.02072538860103627
AMGN,CI,0.031088082901554404
AMGN,MDLZ,0.06735751295336788
AMGN,VLO,0.02072538860103627
AMGN,TDG,0.04145077720207254
AMGN,HLT,0.027972027972027972
AMGN,ROST,0.03626943005181347
AMGN,GM,0.02197802197802198
AMGN,SRE,0.08290155440414508
AMGN,O,0.06217616580310881
AMGN,APO,0.056179775280898875
T,BKNG,0.06217616580310881
T,MO,0.11398963730569948
T,GM,0.054945054945054944
NEE,ABT,0.08290155440414508
NEE,CRM,0.08808290155440414
NEE,TMO,0.18134715025906736
NEE,TXN,0.10362694300518134
NEE,SCHW,0.010362694300518135
NEE,HON,0.03626943005181347
NEE,BLK,0.015544041450777202
NEE,UNP,0.03626943005181347
NEE,LOW,0.015544041450777202
NEE,SPGI,0.05699481865284974
NEE,PLD,0.05181347150259067
NEE,VRTX,0.06735751295336788
NEE,CME,0.046632124352331605
NEE,EQIX,0.08808290155440414
NEE,ICE,0.02072538860103627
NEE,PNC,0.08290155440414508
NEE,SHW,0.09326424870466321
NEE,ITW,0.11398963730569948
NEE,MCO,0.08290155440414508
NEE,CSX,0.02072538860103627
NEE,AON,0.03626943005181347
NEE,ROST,0.08290155440414508
NEE,LHX,0.031088082901554404
NEE,APD,0.04145077720207254
NEE,NSC,0.03626943005181347
NEE,O,0.12953367875647667
ABT,CRM,0.04145077720207254
ABT,TMO,0.06217616580310881
ABT,HON,0.025906735751295335
ABT,UNP,0.08290155440414508
ABT,LOW,0.010362694300518135
ABT,SPGI,0.08808290155440414
ABT,PLD,0.05699481865284974
ABT,ACN,0.10362694300518134
ABT,INTU,0.12953367875647667
ABT,VRTX,0.04145077720207254
ABT,NOW,0.06172839506172839
ABT,CRWD,0.0945945945945946
ABT,AMT,0.05699481865284974
ABT,ADP,0.06735751295336788
ABT,SHW,0.10362694300518134
ABT,MCO,0.10362694300518134
ABT,DASH,0.05454545454545454
ABT,AON,0.09326424870466321
ABT,APD,0.07253886010362694
ABT,NSC,0.09844559585492228
ABT,O,0.06217616580310881
KLAC,ADI,0.07253886010362694
KLAC,ETN,0.11917098445595854
KLAC,PH,0.09844559585492228
KLAC,SO,0.031088082901554404
KLAC,DUK,0.04145077720207254
KLAC,TT,0.08808290155440414
KLAC,EMR,0.09326424870466321
KLAC,CMI,0.05699481865284974
KLAC,HLT,0.14685314685314685
KLAC,CRH,0.10880829015544041
KLAC,PCAR,0.07253886010362694
C,GLW,0.09844559585492228
C,BK,0.14507772020725387
C,GM,0.14285714285714285
CRM,TMO,0.09844559585492228
CRM,TXN,0.06217616580310881
CRM,SCHW,0.06735751295336788
CRM,HON,0.05699481865284974
CRM,BLK,0.11398963730569948
CRM,UNP,0.11398963730569948
CRM,LOW,0.10362694300518134
CRM,DHR,0.06735751295336788
CRM,SYK,0.09326424870466321
CRM,SPGI,0.09326424870466321
CRM,PLD,0.06735751295336788
CRM,ACN,0.07772020725388601
CRM,INTU,0.12435233160621761
CRM,VRTX,0.10880829015544041
CRM,NOW,0.09876543209876543
CRM,CME,0.11398963730569948
CRM,ADBE,0.10362694300518134
CRM,BSX,0.09844559585492228
CRM,WM,0.07253886010362694
CRM,EQIX,0.11917098445595854
CRM,ICE,0.06217616580310881
CRM,AMT,0.03626943005181347
CRM,ADP,0.031088082901554404
CRM,MRSH,0.05181347150259067
CRM,SHW,0.11398963730569948
CRM,ECL,0.10880829015544041
CRM,CTAS,0.10362694300518134
CRM,ITW,0.17616580310880828
CRM,MCO,0.10880829015544041
CRM,CSX,0.07772020725388601
CRM,CL,0.07772020725388601
CRM,CI,0.19689119170984457
CRM,MDLZ,0.05181347150259067
CRM,AON,0.03626943005181347
CRM,LHX,0.06735751295336788
CRM,APD,0.11917098445595854
CRM,NSC,0.09844559585492228
CRM,ELV,0.11398963730569948
CRM,O,0.07253886010362694
DIS,MDT,0.025906735751295335
DIS,CEG,0.047619047619047616
TMO,HON,0.18652849740932642
TMO,UNP,0.08290155440414508
TMO,LOW,0.05699481865284974
TMO,SPGI,0.16062176165803108
TMO,PLD,0.08808290155440414
TMO,NOW,0.1419753086419753
TMO,MDLZ,0.09844559585492228
TMO,AON,0.09844559585492228
TMO,APD,0.10362694300518134
TMO,ELV,0.05181347150259067
TMO,O,0.05181347150259067
TXN,SCHW,0.06217616580310881
TXN,HON,0.15544041450777202
TXN,BLK,0.13471502590673576
TXN,UNP,0.11398963730569948
TXN,LOW,0.05181347150259067
TXN,SYK,0.10880829015544041
TXN,SPGI,0.19689119170984457
TXN,PLD,0.07253886010362694
TXN,VRTX,0.07253886010362694
TXN,CME,0.07772020725388601
TXN,DUK,0.07253886010362694
TXN,WM,0.05699481865284974
TXN,ICE,0.13989637305699482
TXN,PNC,0.09844559585492228
TXN,ITW,0.12953367875647667
TXN,CSX,0.14507772020725387
TXN,AEP,0.13471502590673576
TXN,AON,0.08290155440414508
TXN,ROST,0.10362694300518134
TXN,LHX,0.10362694300518134
TXN,APD,0.11917098445595854
TXN,NSC,0.09844559585492228
TXN,DLR,0.09326424870466321
TXN,O,0.06217616580310881
TJX,ANET,0.06569343065693431
TJX,APH,0.11398963730569948
TJX,ADI,0.07772020725388601
TJX,BLK,0.06735751295336788
TJX,PANW,0.12422360248447205
TJX,CB,0.07253886010362694
TJX,VRTX,0.07253886010362694
TJX,HCA,0.09550561797752809
TJX,SO,0.08808290155440414
TJX,COF,0.11917098445595854
TJX,DUK,0.09326424870466321
TJX,DELL,0.07272727272727272
TJX,TT,0.11917098445595854
TJX,ICE,0.09844559585492228
TJX,ORLY,0.10362694300518134
TJX,AEP,0.07772020725388601
TJX,CL,0.07253886010362694
TJX,TDG,0.12435233160621761
TJX,HLT,0.0979020979020979
TJX,CRH,0.05181347150259067
TJX,GM,0.09340659340659341
TJX,TRV,0.08808290155440414
TJX,SRE,0.11398963730569948
TJX,APO,0.0898876404494382
ISRG,PGR,0.08808290155440414
ISRG,NOW,0.09876543209876543
ISRG,MSI,0.09844559585492228
ISRG,DLR,0.07772020725388601
ANET,ETN,0.051094890510948905
ANET,BKNG,0.1386861313868613
ANET,CB,0.10948905109489052
ANET,PH,0.0364963503649635
ANET,DUK,0.08759124087591241
ANET,DELL,0.03636363636363636
ANET,GD,0.0948905109489051
ANET,MAR,0.11678832116788321
ANET,EMR,0.051094890510948905
ANET,CL,0.043795620437956206
ANET,PSX,0.058394160583941604
ANET,VLO,0.0364963503649635
ANET,HLT,0.145985401459854
ANET,TRV,0.058394160583941604
ANET,SRE,0.08029197080291971
ANET,PCAR,0.021897810218978103
ANET,APO,0.12408759124087591
APH,WELL,0.046632124352331605
APH,CB,0.025906735751295335
APH,PH,0.15025906735751296
APH,SO,0.0051813471502590676
APH,COF,0.031088082901554404
APH,DUK,0.015544041450777202
APH,EMR,0.09326424870466321
APH,CMI,0.025906735751295335
APH,CRH,0.08808290155440414
APH,GM,0.04945054945054945
APH,TRV,0.02072538860103627
SCHW,HON,0.09326424870466321
SCHW,LMT,0.07772020725388601
SCHW,BLK,0.031088082901554404
SCHW,UNP,0.046632124352331605
SCHW,PANW,0.07453416149068323
SCHW,BKNG,0.07253886010362694
SCHW,LOW,0.07253886010362694
SCHW,SYK,0.08290155440414508
SCHW,CB,0.031088082901554404
SCHW,VRTX,0.05181347150259067
SCHW,HCA,0.1348314606741573
SCHW,CME,0.07253886010362694
SCHW,COF,0.03626943005181347
SCHW,NOC,0.10362694300518134
SCHW,DUK,0.06735751295336788
SCHW,WM,0.06217616580310881
SCHW,GD,0.046632124352331605
SCHW,ICE,0.031088082901554404
SCHW,MAR,0.07772020725388601
SCHW,MRSH,0.046632124352331605
SCHW,FDX,0.03626943005181347
SCHW,PNC,0.13989637305699482
SCHW,SHW,0.05181347150259067
SCHW,ITW,0.031088082901554404
SCHW,ORLY,0.05181347150259067
SCHW,MCO,0.08290155440414508
SCHW,AEP,0.05699481865284974
SCHW,CL,0.03626943005181347
SCHW,CI,0.07772020725388601
SCHW,VLO,0.10362694300518134
SCHW,AON,0.031088082901554404
SCHW,HLT,0.1888111888111888
SCHW,ROST,0.13989637305699482
SCHW,LHX,0.046632124352331605
SCHW,GM,0.06043956043956044
SCHW,TRV,0.05181347150259067
SCHW,SRE,0.06735751295336788
SCHW,O,0.03626943005181347
DE,QCOM,0.06735751295336788
DE,SO,0.05699481865284974
DE,SNPS,0.03626943005181347
DE,CDNS,0.05699481865284974
DE,EMR,0.03626943005181347
DE,FTNT,0.07772020725388601
APP,COF,0.17647058823529413
APP,DLR,0.0392156862745098
UBER,CEG,0.023809523809523808
UBER,ICE,0.10666666666666667
UBER,ECL,0.21333333333333335
HON,LMT,0.11917098445595854
HON,BLK,0.06217616580310881
HON,UNP,0.025906735751295335
HON,LOW,0.07772020725388601
HON,SYK,0.19689119170984457
HON,SPGI,0.08808290155440414
HON,VRTX,0.05181347150259067
HON,NOW,0.16666666666666666
HON,SBUX,0.14507772020725387
HON,CRWD,0.02702702702702703
HON,CME,0.07772020725388601
HON,CEG,0.0
HON,NOC,0.15025906735751296
HON,DUK,0.05699481865284974
HON,BSX,0.07253886010362694
HON,EQIX,0.09844559585492228
HON,ICE,0.05181347150259067
HON,ADP,0.07253886010362694
HON,SHW,0.20207253886010362
HON,ITW,0.09844559585492228
HON,MCO,0.09844559585492228
HON,MNST,0.09326424870466321
HON,AEP,0.09326424870466321
HON,CL,0.08808290155440414
HON,CI,0.16580310880829016
HON,MDLZ,0.046632124352331605
HON,DASH,0.0
HON,AON,0.15544041450777202
HON,ROST,0.13989637305699482
HON,LHX,0.12435233160621761
HON,HOOD,0.0625
HON,APD,0.08808290155440414
HON,ELV,0.15544041450777202
HON,SRE,0.07772020725388601
HON,O,0.07253886010362694
LMT,VRTX,0.05699481865284974
LMT,SBUX,0.07253886010362694
LMT,NOC,0.05181347150259067
LMT,BSX,0.09326424870466321
LMT,EQIX,0.10362694300518134
LMT,ITW,0.04145077720207254
LMT,MNST,0.09844559585492228
LMT,CL,0.046632124352331605
LMT,CI,0.04145077720207254
LMT,MDLZ,0.02072538860103627
LMT,HLT,0.06993006993006994
LMT,ROST,0.046632124352331605
LMT,SRE,0.12435233160621761
LMT,O,0.06217616580310881
ADI,BLK,0.07772020725388601
ADI,CB,0.07772020725388601
ADI,HCA,0.09550561797752809
ADI,SO,0.09844559585492228
ADI,DUK,0.05699481865284974
ADI,WM,0.11917098445595854
ADI,TT,0.09844559585492228
ADI,ICE,0.09326424870466321
ADI,PNC,0.14507772020725387
ADI,MSI,0.08808290155440414
ADI,EMR,0.11398963730569948
ADI,CMI,0.11398963730569948
ADI,AEP,0.10880829015544041
ADI,RSG,0.08808290155440414
ADI,HLT,0.11188811188811189
ADI,TRV,0.09326424870466321
WELL,GLW,0.07253886010362694
WELL,COF,0.05181347150259067
WELL,DELL,0.1
WELL,HWM,0.06542056074766354
WELL,STX,0.06217616580310881
WELL,BK,0.031088082901554404
WELL,JCI,0.09844559585492228
WELL,CMI,0.06217616580310881
WELL,CRH,0.06217616580310881
WELL,GM,0.03296703296703297
BLK,UNP,0.05699481865284974
BLK,PANW,0.07453416149068323
BLK,BKNG,0.03626943005181347
BLK,LOW,0.08808290155440414
BLK,SYK,0.06735751295336788
BLK,CB,0.05699481865284974
BLK,SPGI,0.03626943005181347
BLK,VRTX,0.03626943005181347
BLK,HCA,0.03932584269662921
BLK,CRWD,0.04054054054054054
BLK,COF,0.046632124352331605
BLK,CEG,0.0
BLK,DUK,0.05181347150259067
BLK,WM,0.05699481865284974
BLK,ICE,0.10362694300518134
BLK,MAR,0.17616580310880828
BLK,MRSH,0.05181347150259067
BLK,PNC,0.03626943005181347
BLK,SHW,0.10880829015544041
BLK,ECL,0.015544041450777202
BLK,CTAS,0.08290155440414508
BLK,ITW,0.13471502590673576
BLK,ORLY,0.031088082901554404
BLK,MCO,0.07772020725388601
BLK,MNST,0.07253886010362694
BLK,AEP,0.03626943005181347
BLK,CL,0.05699481865284974
BLK,MDLZ,0.03626943005181347
BLK,DASH,0.01818181818181818
BLK,TDG,0.06735751295336788
BLK,AON,0.046632124352331605
BLK,HLT,0.07692307692307693
BLK,ROST,0.05181347150259067
BLK,HOOD,0.0625
BLK,GM,0.04395604395604396
BLK,TRV,0.03626943005181347
BLK,SRE,0.025906735751295335
BLK,O,0.04145077720207254
UNP,LOW,0.05181347150259067
UNP,SYK,0.03626943005181347
UNP,SPGI,0.06735751295336788
UNP,PLD,0.09844559585492228
UNP,VRTX,0.046632124352331605
UNP,HCA,0.07303370786516854
UNP,NOW,0.11728395061728394
UNP,CRWD,0.12162162162162163
UNP,CME,0.15025906735751296
UNP,DUK,0.08290155440414508
UNP,BSX,0.04145077720207254
UNP,WM,0.09326424870466321
UNP,EQIX,0.08290155440414508
UNP,ICE,0.12953367875647667
UNP,ADP,0.13471502590673576
UNP,BX,0.06735751295336788
UNP,SHW,0.17098445595854922
UNP,CTAS,0.11398963730569948
UNP,ITW,0.10362694300518134
UNP,MCO,0.031088082901554404
UNP,AEP,0.10362694300518134
UNP,CL,0.05699481865284974
UNP,MDLZ,0.08290155440414508
UNP,TDG,0.08808290155440414
UNP,AON,0.05699481865284974
UNP,LHX,0.05699481865284974
UNP,APD,0.07772020725388601
UNP,ELV,0.09844559585492228
UNP,SRE,0.09326424870466321
UNP,O,0.07253886010362694
QCOM,CRWD,0.04054054054054054
QCOM,SO,0.05699481865284974
QCOM,KKR,0.06989247311827956
QCOM,EMR,0.09844559585492228
QCOM,FTNT,0.11917098445595854
QCOM,AZO,0.11917098445595854
ETN,PH,0.07772020725388601
ETN,SO,0.025906735751295335
ETN,DELL,0.045454545454545456
ETN,PWR,0.025906735751295335
ETN,KKR,0.12903225806451613
ETN,EMR,0.046632124352331605
ETN,HLT,0.06993006993006994
ETN,CRH,0.10362694300518134
ETN,PCAR,0.10880829015544041
PANW,LOW,0.031055900621118012
PANW,CB,0.037267080745341616
PANW,HCA,0.037267080745341616
PANW,SO,0.006211180124223602
PANW,CEG,0.07142857142857142
PANW,DUK,0.08695652173913043
PANW,ORLY,0.09316770186335403
PANW,MNST,0.07453416149068323
PANW,CL,0.031055900621118012
PANW,CI,0.055900621118012424
PANW,MDLZ,0.006211180124223602
PANW,TDG,0.08074534161490683
PANW,COR,0.06832298136645963
PANW,HLT,0.0979020979020979
PANW,TRV,0.031055900621118012
PANW,SRE,0.06832298136645963
PANW,AZO,0.07453416149068323
BKNG,SYK,0.07772020725388601
BKNG,CB,0.08808290155440414
BKNG,VRTX,0.03626943005181347
BKNG,HCA,0.05056179775280899
BKNG,CME,0.07253886010362694
BKNG,COF,0.07772020725388601
BKNG,DUK,0.13989637305699482
BKNG,BSX,0.05181347150259067
BKNG,DELL,0.05454545454545454
BKNG,GD,0.08290155440414508
BKNG,HWM,0.09345794392523364
BKNG,ICE,0.08290155440414508
BKNG,FDX,0.10880829015544041
BKNG,KKR,0.08602150537634409
BKNG,ORLY,0.08808290155440414
BKNG,MCO,0.025906735751295335
BKNG,AEP,0.04145077720207254
BKNG,CL,0.02072538860103627
BKNG,CI,0.046632124352331605
BKNG,PSX,0.10975609756097561
BKNG,VLO,0.046632124352331605
BKNG,RSG,0.03626943005181347
BKNG,TDG,0.025906735751295335
BKNG,CRH,0.10362694300518134
BKNG,GM,0.06593406593406594
BKNG,TRV,0.09844559585492228
BKNG,SRE,0.04145077720207254
BKNG,APO,0.16292134831460675
LOW,SYK,0.03626943005181347
LOW,SPGI,0.025906735751295335
LOW,VRTX,0.04145077720207254
LOW,HCA,0.09550561797752809
LOW,NOW,0.09876543209876543
LOW,CEG,0.07142857142857142
LOW,DUK,0.015544041450777202
LOW,EQIX,0.03626943005181347
LOW,ICE,0.06735751295336788
LOW,ADP,0.02072538860103627
LOW,MRSH,0.09844559585492228
LOW,BX,0.03626943005181347
LOW,SHW,0.09326424870466321
LOW,CTAS,0.08808290155440414
LOW,ITW,0.07772020725388601
LOW,ORLY,0.07772020725388601
LOW,MCO,0.04145077720207254
LOW,CL,0.031088082901554404
LOW,CI,0.06735751295336788
LOW,MDLZ,0.025906735751295335
LOW,DASH,0.03636363636363636
LOW,TDG,0.046632124352331605
LOW,AON,0.09844559585492228
LOW,HOOD,0.0625
LOW,APD,0.11398963730569948
LOW,SRE,0.03626943005181347
LOW,O,0.06735751295336788
DHR,PLD,0.17098445595854922
DHR,ACN,0.07772020725388601
DHR,INTU,0.10880829015544041
DHR,AMT,0.09326424870466321
DHR,APD,0.06217616580310881
DHR,ELV,0.046632124352331605
DHR,O,0.046632124352331605
SYK,SPGI,0.12953367875647667
SYK,INTU,0.21243523316062177
SYK,VRTX,0.07772020725388601
SYK,NOW,0.1419753086419753
SYK,CME,0.08808290155440414
SYK,DUK,0.046632124352331605
SYK,BSX,0.05699481865284974
SYK,WM,0.13989637305699482
SYK,ICE,0.08290155440414508
SYK,ADP,0.09844559585492228
SYK,MRSH,0.11398963730569948
SYK,PNC,0.09844559585492228
SYK,SHW,0.10880829015544041
SYK,CTAS,0.12435233160621761
SYK,ITW,0.10362694300518134
SYK,MCO,0.08808290155440414
SYK,RSG,0.06217616580310881
SYK,TDG,0.16580310880829016
SYK,AON,0.05181347150259067
SYK,LHX,0.09844559585492228
SYK,APD,0.07772020725388601
SYK,NSC,0.10880829015544041
SYK,O,0.031088082901554404
CB,VRTX,0.05181347150259067
CB,HCA,0.12921348314606743
CB,SO,0.046632124352331605
CB,COF,0.08290155440414508
CB,DUK,0.046632124352331605
CB,DELL,0.1
CB,TT,0.08808290155440414
CB,MAR,0.07253886010362694
CB,ORLY,0.04145077720207254
CB,EMR,0.03626943005181347
CB,AEP,0.05181347150259067
CB,CL,0.15025906735751296
CB,VLO,0.031088082901554404
CB,RSG,0.07772020725388601
CB,TDG,0.10880829015544041
CB,COR,0.08808290155440414
CB,HLT,0.13986013986013987
CB,CRH,0.025906735751295335
CB,GM,0.04945054945054945
CB,TRV,0.07772020725388601
CB,SRE,0.15544041450777202
SPGI,PLD,0.046632124352331605
SPGI,VRTX,0.04145077720207254
SPGI,NOW,0.16666666666666666
SPGI,CRWD,0.013513513513513514
SPGI,CME,0.05181347150259067
SPGI,CEG,0.07142857142857142
SPGI,EQIX,0.08290155440414508
SPGI,ICE,0.031088082901554404
SPGI,ADP,0.04145077720207254
SPGI,MRSH,0.07253886010362694
SPGI,SHW,0.05181347150259067
SPGI,ITW,0.02072538860103627
SPGI,MCO,0.16580310880829016
SPGI,MDLZ,0.07253886010362694
SPGI,DASH,0.01818181818181818
SPGI,AON,0.07253886010362694
SPGI,LHX,0.10880829015544041
SPGI,APD,0.025906735751295335
SPGI,NSC,0.05699481865284974
SPGI,ELV,0.03626943005181347
SPGI,O,0.05699481865284974
PLD,INTU,0.10880829015544041
PLD,CME,0.025906735751295335
PLD,WM,0.05699481865284974
PLD,ICE,0.07253886010362694
PLD,SNPS,0.13471502590673576
PLD,CDNS,0.12435233160621761
PLD,ITW,0.17098445595854922
PLD,CSX,0.12435233160621761
PLD,AON,0.09326424870466321
PLD,LHX,0.05699481865284974
PLD,APD,0.12953367875647667
PLD,NSC,0.031088082901554404
PLD,FTNT,0.09844559585492228
PGR,VRTX,0.08290155440414508
PGR,SO,0.0051813471502590676
PGR,WM,0.04145077720207254
PGR,SNPS,0.03626943005181347
PGR,MSI,0.03626943005181347
PGR,CDNS,0.06735751295336788
PGR,EMR,0.03626943005181347
PGR,RSG,0.031088082901554404
PGR,APO,0.028089887640449437
ACN,ADBE,0.11917098445595854
ACN,MDLZ,0.02072538860103627
ACN,ELV,0.046632124352331605
INTU,VRTX,0.09844559585492228
INTU,NOW,0.07407407407407407
INTU,ADP,0.06735751295336788
INTU,AON,0.10880829015544041
INTU,APD,0.13471502590673576
INTU,NSC,0.12953367875647667
INTU,ELV,0.09326424870466321
BMY,CVS,0.05699481865284974
BMY,REGN,0.025906735751295335
VRTX,HCA,0.0898876404494382
VRTX,CME,0.09326424870466321
VRTX,SO,0.13989637305699482
VRTX,NOC,0.07253886010362694
VRTX,DUK,0.12953367875647667
VRTX,BSX,0.06217616580310881
VRTX,WM,0.07253886010362694
VRTX,ICE,0.08808290155440414
VRTX,MAR,0.06217616580310881
VRTX,ADP,0.09326424870466321
VRTX,MRSH,0.08290155440414508
VRTX,BX,0.12435233160621761
VRTX,SHW,0.06735751295336788
VRTX,MSI,0.10362694300518134
VRTX,CDNS,0.14507772020725387
VRTX,ECL,0.07772020725388601
VRTX,CTAS,0.09326424870466321
VRTX,ITW,0.03626943005181347
VRTX,ORLY,0.12435233160621761
VRTX,MCO,0.10362694300518134
VRTX,MNST,0.08808290155440414
VRTX,CSX,0.05699481865284974
VRTX,AEP,0.10880829015544041
VRTX,CL,0.07253886010362694
VRTX,CI,0.11398963730569948
VRTX,MDLZ,0.06217616580310881
VRTX,VLO,0.05699481865284974
VRTX,RSG,0.10362694300518134
VRTX,TDG,0.07253886010362694
VRTX,AON,0.08290155440414508
VRTX,HLT,0.06993006993006994
VRTX,ROST,0.08808290155440414
VRTX,LHX,0.08290155440414508
VRTX,TRV,0.05699481865284974
VRTX,APD,0.05699481865284974
VRTX,NSC,0.06217616580310881
VRTX,ELV,0.12435233160621761
VRTX,SRE,0.10880829015544041
VRTX,O,0.11398963730569948
VRTX,APO,0.05056179775280899
VRTX,AZO,0.10880829015544041
HCA,COF,0.056179775280898875
HCA,DUK,0.033707865168539325
HCA,WM,0.02247191011235955
HCA,TT,0.07303370786516854
HCA,ICE,0.05056179775280899
HCA,MAR,0.07865168539325842
HCA,BX,0.07303370786516854
HCA,PNC,0.056179775280898875
HCA,ORLY,0.0449438202247191
HCA,MCO,0.056179775280898875
HCA,MNST,0.07303370786516854
HCA,EMR,0.05056179775280899
HCA,AEP,0.02247191011235955
HCA,CL,0.056179775280898875
HCA,MDLZ,0.0449438202247191
HCA,TDG,0.06741573033707865
HCA,AON,0.10674157303370786
HCA,HLT,0.11888111888111888
HCA,GM,0.028089887640449437
HCA,TRV,0.12921348314606743
HCA,SRE,0.05056179775280899
NOW,ICE,0.04938271604938271
NOW,ADP,0.08641975308641975
NOW,SHW,0.08024691358024691
NOW,MCO,0.018518518518518517
NOW,CL,0.043209876543209874
NOW,MDLZ,0.030864197530864196
NOW,AON,0.06790123456790123
NOW,APD,0.06790123456790123
NOW,NSC,0.043209876543209874
MCK,CEG,0.11904761904761904
MCK,DELL,0.19090909090909092
MCK,WMB,0.06217616580310881
MO,GD,0.05181347150259067
MO,FDX,0.031088082901554404
MO,USB,0.025906735751295335
MO,CRH,0.031088082901554404
MO,GM,0.03296703296703297
SBUX,MDT,0.11398963730569948
SBUX,CME,0.04145077720207254
SBUX,BSX,0.08808290155440414
SBUX,EQIX,0.07253886010362694
SBUX,SHW,0.02072538860103627
SBUX,ITW,0.05699481865284974
SBUX,MCO,0.04145077720207254
SBUX,MNST,0.046632124352331605
SBUX,CL,0.03626943005181347
SBUX,CI,0.10880829015544041
SBUX,MDLZ,0.04145077720207254
SBUX,APD,0.07253886010362694
SBUX,SRE,0.02072538860103627
SBUX,O,0.031088082901554404
PH,SO,0.025906735751295335
PH,DELL,0.07272727272727272
PH,TT,0.02072538860103627
PH,EMR,0.09326424870466321
PH,CMI,0.12435233160621761
PH,HLT,0.0979020979020979
PH,CRH,0.10880829015544041
PH,PCAR,0.08290155440414508
MDT,CMCSA,0.08290155440414508
MDT,O,0.031088082901554404
CRWD,COF,0.04054054054054054
CRWD,SHW,0.013513513513513514
CRWD,MCO,0.013513513513513514
CRWD,EMR,0.013513513513513514
CRWD,CL,0.02702702702702703
CRWD,NSC,0.013513513513513514
CME,NOC,0.12435233160621761
CME,DUK,0.05699481865284974
CME,WM,0.11398963730569948
CME,ICE,0.03626943005181347
CME,MAR,0.09326424870466321
CME,PNC,0.09326424870466321
CME,SHW,0.06217616580310881
CME,ITW,0.09326424870466321
CME,CSX,0.05699481865284974
CME,AEP,0.08808290155440414
CME,TDG,0.11398963730569948
CME,AON,0.10362694300518134
CME,ROST,0.11917098445595854
CME,LHX,0.12435233160621761
CME,NSC,0.07772020725388601
CME,DLR,0.10880829015544041
CME,O,0.06217616580310881
GLW,CMI,0.05699481865284974
GLW,GM,0.016483516483516484
SO,COF,0.02072538860103627
SO,DELL,0.02727272727272727
SO,TT,0.025906735751295335
SO,SNPS,0.031088082901554404
SO,MSI,0.03626943005181347
SO,CDNS,0.04145077720207254
SO,KKR,0.06989247311827956
SO,ORLY,0.046632124352331605
SO,EMR,0.010362694300518135
SO,CMI,0.046632124352331605
SO,RSG,0.05699481865284974
SO,TDG,0.07253886010362694
SO,HLT,0.013986013986013986
SO,CRH,0.02072538860103627
SO,FTNT,0.015544041450777202
SO,PCAR,0.031088082901554404
SO,AZO,0.046632124352331605
COF,CEG,0.14285714285714285
COF,DUK,0.025906735751295335
COF,WM,0.08290155440414508
COF,TT,0.10362694300518134
COF,ICE,0.015544041450777202
COF,JCI,0.07253886010362694
COF,MSI,0.05181347150259067
COF,KKR,0.026881720430107527
COF,ORLY,0.031088082901554404
COF,EMR,0.025906735751295335
COF,CMI,0.015544041450777202
COF,AEP,0.05181347150259067
COF,CL,0.08290155440414508
COF,DASH,0.12727272727272726
COF,RSG,0.031088082901554404
COF,COR,0.05699481865284974
COF,CRH,0.07253886010362694
COF,HOOD,0.14583333333333334
COF,GM,0.07142857142857142
COF,TRV,0.025906735751295335
COF,AZO,0.06217616580310881
CEG,WM,0.047619047619047616
CEG,TT,0.023809523809523808
CEG,ICE,0.023809523809523808
CEG,UPS,0.023809523809523808
CEG,BK,0.0
CEG,SHW,0.023809523809523808
CEG,ECL,0.023809523809523808
CEG,ITW,0.047619047619047616
CEG,ORLY,0.047619047619047616
CEG,MCO,0.023809523809523808
CEG,EMR,0.023809523809523808
CEG,RCL,0.0
CEG,DASH,0.023809523809523808
CEG,RSG,0.0
CEG,HLT,0.07142857142857142
CEG,CRH,0.0
CEG,GM,0.0
CEG,DLR,0.07142857142857142
CEG,SPG,0.0
CEG,AZO,0.07142857142857142
CMCSA,ADBE,0.12953367875647667
NOC,BSX,0.04145077720207254
NOC,ITW,0.05699481865284974
NOC,CI,0.07772020725388601
NOC,SRE,0.07772020725388601
NOC,O,0.13989637305699482
ADBE,AMT,0.031088082901554404
DUK,DELL,0.05454545454545454
DUK,WM,0.05699481865284974
DUK,EQIX,0.06217616580310881
DUK,TT,0.05699481865284974
DUK,ICE,0.05699481865284974
DUK,MAR,0.09844559585492228
DUK,ADP,0.07253886010362694
DUK,MRSH,0.09844559585492228
DUK,BX,0.031088082901554404
DUK,PNC,0.06735751295336788
DUK,SHW,0.12435233160621761
DUK,JCI,0.025906735751295335
DUK,MSI,0.09326424870466321
DUK,CDNS,0.08290155440414508
DUK,CTAS,0.10880829015544041
DUK,ITW,0.02072538860103627
DUK,ORLY,0.09844559585492228
DUK,MCO,0.08808290155440414
DUK,MNST,0.08808290155440414
DUK,EMR,0.025906735751295335
DUK,VLO,0.08808290155440414
DUK,RSG,0.031088082901554404
DUK,TDG,0.09844559585492228
DUK,AON,0.06217616580310881
DUK,HLT,0.03496503496503497
DUK,ROST,0.06217616580310881
DUK,LHX,0.08290155440414508
DUK,CRH,0.05181347150259067
DUK,GM,0.04945054945054945
DUK,TRV,0.046632124352331605
DUK,APD,0.05181347150259067
DUK,NSC,0.04145077720207254
DUK,SRE,0.11398963730569948
DUK,APO,0.05056179775280899
DUK,AZO,0.09326424870466321
BSX,ICE,0.05181347150259067
BSX,ADP,0.06217616580310881
BSX,MRSH,0.031088082901554404
BSX,SHW,0.08290155440414508
BSX,ECL,0.10880829015544041
BSX,CI,0.046632124352331605
BSX,TDG,0.08290155440414508
BSX,AON,0.07772020725388601
BSX,ROST,0.08290155440414508
BSX,O,0.046632124352331605
DELL,TT,0.045454545454545456
DELL,MAR,0.01818181818181818
DELL,EMR,0.03636363636363636
DELL,CL,0.02727272727272727
DELL,COR,0.10909090909090909
DELL,HLT,0.03636363636363636
DELL,CRH,0.07272727272727272
DELL,TRV,0.01818181818181818
DELL,DLR,0.01818181818181818
DELL,PCAR,0.05454545454545454
WM,ICE,0.015544041450777202
WM,MAR,0.015544041450777202
WM,MRSH,0.03626943005181347
WM,PNC,0.03626943005181347
WM,CDNS,0.06735751295336788
WM,CTAS,0.10880829015544041
WM,TDG,0.046632124352331605
WM,AON,0.031088082901554404
WM,NSC,0.031088082901554404
GD,MAR,0.04145077720207254
GD,PSX,0.024390243902439025
GD,VLO,0.046632124352331605
GD,HLT,0.027972027972027972
HWM,WMB,0.102803738317757
HWM,MAR,0.056074766355140186
HWM,KMI,0.1588785046728972
HWM,TRV,0.14953271028037382
EQIX,ICE,0.06217616580310881
EQIX,SHW,0.07253886010362694
EQIX,ITW,0.025906735751295335
EQIX,MNST,0.0051813471502590676
EQIX,AEP,0.11917098445595854
EQIX,CL,0.031088082901554404
EQIX,MDLZ,0.06735751295336788
EQIX,ROST,0.05181347150259067
EQIX,APD,0.06217616580310881
EQIX,SRE,0.07772020725388601
EQIX,O,0.08290155440414508
TT,KKR,0.0967741935483871
TT,EMR,0.02072538860103627
TT,CMI,0.04145077720207254
TT,HLT,0.15384615384615385
TT,CRH,0.08808290155440414
TT,PCAR,0.09844559585492228
TT,APO,0.03932584269662921
ICE,MAR,0.09844559585492228
ICE,ADP,0.07772020725388601
ICE,MRSH,0.16062176165803108
ICE,PNC,0.06735751295336788
ICE,SHW,0.09844559585492228
ICE,ECL,0.07772020725388601
ICE,CTAS,0.12435233160621761
ICE,ITW,0.08808290155440414
ICE,ORLY,0.13989637305699482
ICE,MCO,0.05181347150259067
ICE,AEP,0.06735751295336788
ICE,CL,0.031088082901554404
ICE,MDLZ,0.03626943005181347
ICE,RSG,0.07772020725388601
ICE,TDG,0.07253886010362694
ICE,AON,0.13471502590673576
ICE,ROST,0.10880829015544041
ICE,LHX,0.07253886010362694
ICE,GM,0.038461538461538464
ICE,APD,0.05699481865284974
ICE,NSC,0.10880829015544041
ICE,SRE,0.06735751295336788
ICE,DLR,0.02072538860103627
ICE,O,0.05699481865284974
STX,GM,0.01098901098901099
AMT,APD,0.05699481865284974
AMT,O,0.08808290155440414
PWR,EMR,0.04145077720207254
PWR,CMI,0.15025906735751296
MAR,PNC,0.08290155440414508
MAR,AEP,0.05181347150259067
MAR,PSX,0.042682926829268296
MAR,VLO,0.025906735751295335
MAR,RSG,0.04145077720207254
MAR,HLT,0.1258741258741259
MAR,LHX,0.010362694300518135
MAR,CRH,0.06735751295336788
MAR,TRV,0.09326424870466321
MAR,SRE,0.06217616580310881
ADP,MRSH,0.046632124352331605
ADP,SHW,0.04145077720207254
ADP,CTAS,0.05181347150259067
ADP,ITW,0.07253886010362694
ADP,MDLZ,0.046632124352331605
ADP,AON,0.046632124352331605
ADP,APD,0.07772020725388601
ADP,ELV,0.06735751295336788
ADP,O,0.015544041450777202
MRSH,BX,0.08808290155440414
MRSH,SNPS,0.13989637305699482
MRSH,CTAS,0.15544041450777202
MRSH,ITW,0.08290155440414508
MRSH,MCO,0.10880829015544041
MRSH,MDLZ,0.13471502590673576
MRSH,TDG,0.09326424870466321
MRSH,AON,0.17616580310880828
MRSH,APD,0.07253886010362694
BX,ORLY,0.046632124352331605
BX,DASH,0.07272727272727272
BX,AON,0.09326424870466321
BX,AZO,0.046632124352331605
FDX,GM,0.06043956043956044
UPS,ELV,0.031088082901554404
PNC,AEP,0.10362694300518134
PNC,LHX,0.07253886010362694
PNC,GM,0.03296703296703297
PNC,NSC,0.015544041450777202
PNC,DLR,0.046632124352331605
PNC,O,0.04145077720207254
FCX,DASH,0.10909090909090909
USB,MMM,0.10880829015544041
USB,MNST,0.08808290155440414
USB,AEP,0.09326424870466321
USB,CL,0.06217616580310881
USB,ROST,0.12953367875647667
USB,LHX,0.04145077720207254
USB,GM,0.04395604395604396
USB,SRE,0.10880829015544041
USB,O,0.09326424870466321
BK,GM,0.016483516483516484
SHW,ECL,0.05181347150259067
SHW,CTAS,0.13989637305699482
SHW,ITW,0.15025906735751296
SHW,MCO,0.06217616580310881
SHW,CL,0.10362694300518134
SHW,CI,0.031088082901554404
SHW,MDLZ,0.05699481865284974
SHW,TDG,0.10362694300518134
SHW,AON,0.07772020725388601
SHW,LHX,0.02072538860103627
SHW,APD,0.09844559585492228
SHW,SRE,0.11917098445595854
SHW,O,0.06217616580310881
JCI,CMI,0.046632124352331605
JCI,CRH,0.03626943005181347
JCI,GM,0.04395604395604396
SNPS,MSI,0.05699481865284974
SNPS,CDNS,0.05699481865284974
SNPS,RSG,0.03626943005181347
SNPS,FTNT,0.07772020725388601
REGN,KMI,0.055865921787709494
REGN,CL,0.05181347150259067
REGN,GM,0.07142857142857142
REGN,APO,0.033707865168539325
MSI,CDNS,0.05181347150259067
MSI,EMR,0.015544041450777202
MSI,RSG,0.046632124352331605
MSI,HLT,0.03496503496503497
MSI,FTNT,0.05181347150259067
MSI,APO,0.033707865168539325
MSI,AZO,0.05699481865284974
CDNS,EMR,0.07253886010362694
CDNS,RSG,0.09326424870466321
CDNS,FTNT,0.11917098445595854
ECL,MCO,0.09844559585492228
ECL,CL,0.06217616580310881
ECL,ROST,0.12435233160621761
ECL,GM,0.04395604395604396
ECL,SRE,0.11917098445595854
ECL,O,0.046632124352331605
KKR,EMR,0.0967741935483871
KKR,PCAR,0.0967741935483871
CTAS,ITW,0.04145077720207254
CTAS,TDG,0.12435233160621761
CTAS,AON,0.12435233160621761
CTAS,APD,0.07772020725388601
ITW,MCO,0.12435233160621761
ITW,MNST,0.010362694300518135
ITW,AEP,0.025906735751295335
ITW,CL,0.09326424870466321
ITW,CI,0.07253886010362694
ITW,MDLZ,0.05699481865284974
ITW,TDG,0.04145077720207254
ITW,AON,0.06217616580310881
ITW,ROST,0.015544041450777202
ITW,LHX,0.03626943005181347
ITW,APD,0.12435233160621761
ITW,SRE,0.07772020725388601
ITW,O,0.02072538860103627
ORLY,TDG,0.07253886010362694
ORLY,CRH,0.05699481865284974
ORLY,TRV,0.07253886010362694
ORLY,SRE,0.07253886010362694
MCO,AEP,0.05699481865284974
MCO,CL,0.03626943005181347
MCO,MDLZ,0.03626943005181347
MCO,TDG,0.05699481865284974
MCO,AON,0.03626943005181347
MCO,ROST,0.025906735751295335
MCO,GM,0.04945054945054945
MCO,APD,0.07253886010362694
MCO,SRE,0.07772020725388601
MCO,O,0.07253886010362694
ABNB,MNST,0.12727272727272726
ABNB,EOG,0.12727272727272726
ABNB,CI,0.09090909090909091
ABNB,MDLZ,0.07272727272727272
ABNB,PSX,0.07272727272727272
ABNB,VLO,0.07272727272727272
ABNB,AON,0.05454545454545454
ABNB,COR,0.10909090909090909
ABNB,MPC,0.03636363636363636
ABNB,SLB,0.05454545454545454
ABNB,WBD,0.03636363636363636
ABNB,APD,0.2
ABNB,ELV,0.07272727272727272
ABNB,SRE,0.07272727272727272
ABNB,FTNT,0.07272727272727272
ABNB,O,0.05454545454545454
ABNB,AZO,0.12727272727272726
MNST,AEP,0.02072538860103627
MNST,CL,0.06217616580310881
MNST,CI,0.06217616580310881
MNST,MDLZ,0.05181347150259067
MNST,HLT,0.04195804195804196
MNST,ROST,0.11917098445595854
MNST,GM,0.038461538461538464
MNST,APD,0.046632124352331605
MNST,SRE,0.031088082901554404
MNST,O,0.02072538860103627
EMR,CMI,0.07772020725388601
EMR,RSG,0.10362694300518134
EMR,COR,0.046632124352331605
EMR,HLT,0.11888111888111888
EMR,CRH,0.046632124352331605
EMR,GM,0.08241758241758242
EMR,FTNT,0.09326424870466321
EMR,PCAR,0.07772020725388601
EMR,APO,0.02247191011235955
CMI,CRH,0.08290155440414508
CMI,GM,0.054945054945054944
CSX,LHX,0.08808290155440414
CSX,APD,0.031088082901554404
CSX,NSC,0.10880829015544041
AEP,VLO,0.015544041450777202
AEP,TDG,0.05699481865284974
AEP,HLT,0.04895104895104895
AEP,ROST,0.015544041450777202
AEP,LHX,0.03626943005181347
AEP,GM,0.02197802197802198
AEP,TRV,0.025906735751295335
AEP,APD,0.010362694300518135
AEP,SRE,0.10362694300518134
AEP,O,0.11917098445595854
EOG,MPC,0.06285714285714286
CL,CI,0.031088082901554404
CL,MDLZ,0.06735751295336788
CL,PSX,0.04878048780487805
CL,VLO,0.06735751295336788
CL,TDG,0.05699481865284974
CL,HLT,0.055944055944055944
CL,ROST,0.031088082901554404
CL,GM,0.038461538461538464
CL,TRV,0.11398963730569948
CL,SRE,0.07772020725388601
CL,O,0.07772020725388601
CL,APO,0.016853932584269662
CI,MDLZ,0.10362694300518134
CI,AON,0.06217616580310881
CI,SRE,0.10362694300518134
CI,O,0.05699481865284974
MDLZ,TDG,0.09844559585492228
MDLZ,AON,0.09844559585492228
MDLZ,APD,0.11398963730569948
MDLZ,ELV,0.05699481865284974
MDLZ,SRE,0.12953367875647667
MDLZ,O,0.15544041450777202
MDLZ,APO,0.0898876404494382
PSX,VLO,0.10365853658536585
PSX,COR,0.036585365853658534
PSX,MPC,0.036585365853658534
PSX,CRH,0.042682926829268296
PSX,TRV,0.08536585365853659
PSX,PCAR,0.036585365853658534
DASH,DLR,0.09090909090909091
VLO,GM,0.08791208791208792
VLO,TRV,0.03626943005181347
VLO,SRE,0.02072538860103627
RSG,HLT,0.08391608391608392
TDG,AON,0.10362694300518134
TDG,ROST,0.07253886010362694
TDG,CRH,0.10880829015544041
TDG,APD,0.09844559585492228
TDG,SRE,0.08808290155440414
TDG,APO,0.10674157303370786
AON,LHX,0.07253886010362694
AON,HOOD,0.041666666666666664
AON,APD,0.05699481865284974
AON,NSC,0.05699481865284974
AON,ELV,0.06735751295336788
AON,SRE,0.07253886010362694
AON,O,0.05699481865284974
COR,CRH,0.09844559585492228
COR,PCAR,0.09326424870466321
HLT,TRV,0.06993006993006994
HLT,SRE,0.03496503496503497
HLT,PCAR,0.055944055944055944
HLT,APO,0.04195804195804196
ROST,LHX,0.05181347150259067
ROST,CRH,0.03626943005181347
ROST,GM,0.07142857142857142
ROST,APD,0.031088082901554404
ROST,SRE,0.08808290155440414
ROST,DLR,0.06735751295336788
ROST,O,0.06735751295336788
LHX,APD,0.05181347150259067
LHX,NSC,0.04145077720207254
LHX,DLR,0.11398963730569948
LHX,O,0.06735751295336788
CRH,TRV,0.12435233160621761
CRH,PCAR,0.16062176165803108
CRH,AZO,0.04145077720207254
GM,TRV,0.03296703296703297
TRV,SRE,0.08290155440414508
APD,NSC,0.06735751295336788
APD,ELV,0.08290155440414508
APD,O,0.06735751295336788
ELV,O,0.031088082901554404
SRE,O,0.13471502590673576
SRE,APO,0.10112359550561797
PCAR,APO,0.06179775280898876
